Mem	Data	Avg Store
8	10000	0.16200
8	100000	0.20700
8	1000000	0.20400
8	10000000	0.20500
16	10000	0.18900
16	100000	0.20800
16	1000000	0.17700
16	10000000	0.17900
32	10000	0.22600
32	100000	0.19300
32	1000000	0.21600
32	10000000	0.20800
64	10000	0.16000
64	100000	0.18400
64	1000000	0.19300
64	10000000	0.21500
128	10000	0.13000
128	100000	0.17200
128	1000000	0.17000
128	10000000	0.18100
